GLOBAL,general,https://reuters.com
GLOBAL,general,https://apnews.com
US,general,https://cnn.com
FR,general,https://www.rfi.fr/en
UK,general,https://bbc.com
US,general,https://www.forbes.com/
US,general,https://nytimes.com
US,general,https://wsj.com
US,general,https://cnbc.com
US,general,https://ft.com
UK,general,https://www.theguardian.com
US,general,https://www.washingtonpost.com
CN,general,https://www.scmp.com
CN,general,https://english.news.cn
CA,general,https://www.cbc.ca
US,general,https://news.google.com
US,general,https://news.yahoo.com
GLOBAL,tech,https://huggingface.co/blog
GLOBAL,tech,https://github.blog/
GLOBAL,tech,https://huggingface.co/blog/community
GLOBAL,tech,https://www.marktechpost.com/
